{
  "lambda-basic-execution": {
    "policy_content": {
      "Statement": [
        {
          "Action": [
            "logs:CreateLogGroup",
            "logs:CreateLogStream",
            "logs:PutLogEvents",
            "dynamodb:GetItem",
            "dynamodb:Query",
            "dynamodb:PutItem",
            "dynamodb:Batch*",
            "dynamodb:DeleteItem",
            "ssm:PutParameter",
            "ssm:GetParameter",
            "kms:Decrypt"
          ],
          "Effect": "Allow",
          "Resource": "*"
        }
      ],
      "Version": "2012-10-17"
    },
    "resource_type": "iam_policy",
    "tags": {},
    "url_config": {
      "auth_type": "NONE"
    }
  }
}