{
  "hello_world-role": {
    "predefined_policies": [],
    "principal_service": "lambda",
    "custom_policies": [
      "lambda-basic-execution"
    ],
    "resource_type": "iam_role",
    "tags": {}
  },
  "task3_api": {
    "resource_type": "api_gateway",
    "deploy_stage": "api",
    "dependencies": [],
    "resources": {
      "/hello": {
        "enable_cors": false,
        "GET": {
          "authorization_type": "NONE",
          "integration_type": "lambda",
          "lambda_name": "hello_world",
          "api_key_required": false,
          "method_request_parameters": {},
          "integration_request_body_template": {},
          "responses": [],
          "integration_responses": [],
          "default_error_pattern": true,
          "enable_proxy": true
        }
      }
    },
    "tags": {}
  }
}