{
  "version": "1.0",
  "name": "hello_world",
  "func_name": "lambdas/hello_world/index.handler",
  "resource_type": "lambda",
  "iam_role_name": "hello_world-role",
  "runtime": "nodejs20.x",
  "memory": 128,
  "timeout": 100,
  "lambda_path": "lambdas\\hello_world",
  "dependencies": [],
  "event_sources": [],
  "env_variables": {},
  "publish_version": true,
  "alias": "${lambdas_alias_name}",
  "url_config": {
    "auth_type": "NONE"
  },
  "ephemeral_storage": 512,
  "tags": {}
}